idx,site,task,validation,ext,heldout,agesex,comparator,auc,weights,calib,resample,guard,abstract_only,pmid,pmcid,year
1,any,comorb,none,False,False,False,False,0.996,False,True,True,False,False,42058226,PMC13121860,2026
2,colorectal,xs,random,False,False,False,False,0.787,False,True,True,True,False,42260815,PMC13246055,2026
5,uterine,xs,random,False,False,False,True,0.964,False,True,False,,False,42332450,PMC13286416,2026
7,breast,xs,random,True,True,False,False,0.832,False,True,False,,False,42528994,PMC13416066,2026
10,digestive,xs,random,True,False,False,True,0.852,False,True,False,,False,42638646,PMC13500251,2026
13,prostate,xs,none,False,False,False,False,0.9,False,False,False,,False,41366988,PMC12688939,2025
16,any,xs,random,False,False,False,True,0.92,False,True,True,,False,39928823,PMC11813008,2025
17,any,mort,random,False,False,False,False,0.891,False,False,False,,False,40405088,PMC12100792,2025
20,any,mort,random,False,False,False,True,0.84,,False,True,,False,42180936,PMC13190813,2026
23,breast,xs,random,False,False,False,False,0.727,False,False,False,,False,42459460,PMC13369117,2026
25,any,xs,random,False,False,False,False,0.765,False,False,False,,False,41560104,PMC12826254,2026
27,bladder,xs,none,False,False,False,False,0.78,False,False,False,,False,38277522,PMC10817101,2024
28,any,mort,cv,False,False,False,True,0.674,,True,False,,True,41386362,,2026
29,prostate,xs,split_unstated,False,False,False,False,0.869,,,,,True,40716343,,2025
30,prostate,mort,none,True,False,False,True,0.751,,True,False,,False,42200020,PMC13199051,2026
36,any,comorb,cv,False,False,False,True,0.951,False,False,True,,False,39700695,PMC11729017,2025
37,breast,xs,none,False,False,False,False,0.84,False,True,False,,False,38329808,PMC10854439,2024
39,prostate,xs,random,False,False,False,False,0.768,False,True,False,,False,40697552,PMC12282170,2025
42,breast,xs,cv,False,False,False,False,0.797,False,True,False,,False,40730969,PMC12309015,2025
45,any,xs,cv,False,False,False,True,0.812,,False,False,,True,42701956,,2026
48,colorectal,xs,random,False,False,False,True,0.87,False,True,True,True,False,41299673,PMC12764094,2025
59,any,xs,random,False,False,False,False,,False,True,True,,False,40190762,PMC11968389,2025
62,digestive,xs,random,False,False,False,False,0.827,False,False,False,,False,39779803,PMC11711503,2025
64,any,mort,none,False,False,False,True,0.85,,,,,True,38142591,,2024
