pmid,pmcid,full_text,cross_sectional,mortality,random_split,external_validation,baseline_agesex,logistic_comparator,survey_weights,calibration,resampling,missing_method,missing_indicator,auc_abstract_max,auc_any_max
42629713,PMC13502748,True,10,1,5,2,0,10,13,0,0,1,0,,
42058226,PMC13121860,True,3,3,0,2,0,2,0,13,4,2,0,0.996,0.996
42260815,PMC13246055,True,7,3,5,12,0,8,1,32,11,14,0,0.787,0.787
42192026,,False,0,0,0,0,0,3,0,0,0,1,0,0.689,0.689
41007166,PMC12467569,True,3,41,12,1,0,3,0,0,0,2,0,0.891,0.99
42332450,PMC13286416,True,6,16,3,1,0,4,0,8,0,1,0,0.964,0.964
41013410,PMC12465519,True,2,4,8,3,0,14,2,2,2,1,0,0.87,0.894
42528994,PMC13416066,True,4,60,9,16,0,5,0,5,1,1,0,0.832,0.91
41531742,PMC12794014,True,3,0,2,5,0,8,1,3,3,1,0,,
41371087,,False,0,4,0,0,0,2,0,0,0,1,0,,
42638646,PMC13500251,True,5,22,2,7,0,11,0,6,1,0,0,0.852,0.852
41223197,PMC12611120,True,0,8,7,0,0,5,7,0,0,4,0,0.874,0.902
41670835,PMC12996477,True,2,46,4,35,0,0,0,0,2,2,0,0.935,0.989
41366988,PMC12688939,True,3,4,0,0,0,4,0,0,0,0,0,0.9,0.9
41484685,PMC12866453,True,2,31,3,2,0,0,1,7,2,3,0,,0.825
41534354,,False,1,0,0,0,0,0,0,0,0,0,0,,
39928823,PMC11813008,True,3,56,5,1,0,20,0,5,2,1,0,,0.92
40405088,PMC12100792,True,2,125,6,1,0,4,0,0,0,1,0,,0.891
42536197,,False,0,5,2,1,0,0,0,0,0,0,0,,
40874812,PMC12622479,True,0,0,2,40,0,9,1,0,0,0,0,,0.98
42180936,PMC13190813,True,6,159,0,0,2,0,14,0,2,4,0,0.84,0.84
41882235,,False,0,0,0,0,0,1,0,1,0,0,0,,
40931290,PMC13356109,True,5,1,7,7,3,9,0,0,1,0,0,0.853,0.853
42459460,PMC13369117,True,4,9,9,3,0,10,4,0,0,3,0,,0.727
41451124,PMC12727551,True,2,2,6,16,1,11,0,0,1,16,0,0.968,0.968
41560104,PMC12826254,True,7,3,0,0,0,8,1,0,0,3,0,0.765,0.765
41592398,,False,1,0,0,0,0,1,0,0,0,0,0,,
38277522,PMC10817101,True,2,5,0,0,0,8,0,0,0,0,0,,0.78
41386362,,False,0,6,1,0,1,0,0,2,0,0,0,,
40716343,,False,0,0,0,0,0,0,0,0,0,0,0,0.869,0.869
42200020,PMC13199051,True,5,66,0,23,0,7,1,1,1,0,0,,0.751
41637463,PMC12871976,True,15,4,18,6,0,18,0,18,11,2,0,0.935,0.935
40415396,,False,0,2,0,0,0,0,0,0,0,0,0,0.977,0.977
41187199,PMC12585082,True,15,1,0,3,0,8,0,0,0,0,0,,0.707
42670686,,False,0,4,0,0,0,0,0,0,0,0,0,,
42305524,PMC13265197,True,59,1,0,0,0,11,10,1,0,1,0,,0.824
39700695,PMC11729017,True,1,4,1,0,0,4,1,0,3,5,0,0.951,0.951
38329808,PMC10854439,True,3,5,0,0,0,2,0,3,0,0,0,0.84,0.84
40963229,,False,0,1,0,0,0,2,0,0,0,0,0,,
40697552,PMC12282170,True,4,34,10,1,0,24,32,5,0,4,0,,0.768
41013668,PMC12465457,True,4,4,4,9,0,4,4,10,3,2,0,,0.7
40669089,PMC12286590,True,5,87,0,5,0,0,0,0,0,2,0,,
40730969,PMC12309015,True,7,8,6,0,0,15,3,7,0,1,0,0.795,0.797
40349028,PMC12065310,True,1,141,0,0,0,0,3,0,1,2,0,,0.109
40262223,,False,4,5,1,0,0,1,1,0,0,0,0,,
42701956,,False,2,7,1,1,0,1,0,0,0,0,0,0.812,0.812
42617515,,False,0,1,0,0,0,0,0,0,0,0,0,0.984,0.984
40883416,PMC12397387,True,0,11,1,0,0,0,0,0,0,1,0,,0.97
41299673,PMC12764094,True,4,4,7,3,0,7,1,1,6,4,0,0.87,0.94
40988252,PMC12459534,True,3,2,4,5,0,1,0,1,1,2,0,0.64,0.64
42560444,,False,0,1,0,0,0,0,0,0,0,0,0,,
39678170,PMC11636945,False,0,0,0,0,0,0,1,0,0,0,0,,
40478960,,False,0,2,0,0,0,0,0,0,0,0,0,,
42768379,PMC13595699,True,8,53,18,7,2,5,11,1,3,3,0,,0.868
40357031,PMC12066505,True,6,4,0,0,0,5,0,0,0,0,0,,
39767532,PMC11675289,True,4,8,19,1,1,3,1,0,2,0,0,0.98,0.984
42446284,,False,0,5,0,0,0,0,1,0,0,0,0,0.715,0.715
40206955,PMC11978644,True,5,3,0,0,0,1,0,0,0,0,0,,
39104905,PMC11299648,True,2,36,7,2,0,0,0,7,1,0,0,,0.714
40190762,PMC11968389,True,3,14,5,0,1,2,0,1,1,0,0,,1.0
39240958,PMC11379308,True,1,4,6,1,0,0,0,2,0,1,0,,
42066461,PMC13141994,True,6,3,6,6,0,0,0,1,1,0,0,,0.989
39779803,PMC11711503,True,6,5,1,0,0,3,2,0,0,0,0,,0.827
40741049,PMC12307447,True,1,65,4,2,1,0,0,0,0,1,0,0.896,0.908
38142591,,False,0,9,0,0,0,0,0,0,0,0,0,0.953,0.953
40636877,PMC12238023,True,2,3,19,1,0,9,0,7,4,2,0,0.83,0.938
41734845,,False,0,1,0,0,0,0,0,0,0,0,0,,
41997961,PMC13347023,True,5,30,5,44,6,4,0,0,4,1,0,0.79,0.86
40218080,PMC11988625,True,7,0,0,0,0,4,2,0,0,0,0,,
39102412,PMC11299806,True,5,9,0,0,0,4,0,0,0,2,0,,
37710270,PMC10500873,True,5,6,1,0,0,0,3,0,0,3,0,,
41252864,,False,0,0,0,0,0,0,0,0,0,0,0,0.668,0.668
35405939,PMC9002993,True,2,2,0,0,0,1,0,0,0,1,0,,
36429890,PMC9690999,True,1,3,2,0,0,5,0,0,1,11,0,,0.863
37036281,,False,0,0,0,0,0,1,1,0,0,0,0,0.755,0.755
35657782,PMC9165812,True,4,8,1,0,0,10,0,0,0,0,0,0.82,0.82
37161056,,False,0,7,0,0,0,0,0,0,0,0,0,,
39781526,PMC11704698,True,1,4,1,3,0,4,0,0,1,0,0,,0.82
34415913,PMC8409636,True,2,7,0,41,0,0,0,0,1,0,0,,0.7
